Id,Content,Sentiment
49640624,The end.,Negative
43505275,GOD OVER EVERYTHING.,Negative
43505275,I'm sorry.,Negative
43505275,God... please forgive me.,Negative
43505275,This day couldn't get any worse...,Negative
43505275,I'm about to delete my twitter in a second,Negative
9.19E+17,RT @BlvckGrip: depression: i want to die,Negative
9.19E+17,RT @Pouyalilpou: I want to fucking die sometimes,Negative
9.19E+17,"@EliseLaurenne When I die, I want this face to be the last thing I see.",Negative
9.19E+17,RT @memetribute: when people ask why your twitter is full of tweets of you just saying 'i want to die' repeatedly https://t.co/qQkNCxQ7Qx,Negative
9.19E+17,@CETS_ I've been struggling through depression for about a year now and my mom died to stage four brain cancer and it's been hard.,Negative
4.28E+17,My family would probably be better off without me.,Negative
4.28E+17,My family would be better off without me,Negative
4.29E+17,"Im starting to think that my family would be better off, ultimately, without me. #fuckup #moreharmthangood",Negative
4.29E+17,https://t.co/GyaVLAGjGS THIS jaggoff performs exorcisms over Skype. The power of Christ compels you! @joerogan @duncantrussell @DBolelli,Negative
4.29E+17,If I ever have to write a lesson plan in a group again I'm gonna kill myself,Negative
4.29E+17,@S_LYNGSTAD wow! What a jaggoff. Drink some more budlight and get a grip! Leave parents out before I talk about YO MAMA!,Negative
4.29E+17,"@Jb_reaper @TmarTn ALSO, judging from his jumping and prone techniques, looks like if the IED is at a certain height, jump or prone, you die",Negative
4.29E+17,My family would be better off without me..,Negative
4.30E+17,RT @RonnieRadke: Indirect tweets are cowardly. this tweet is direct to all the indirect. Indirectly. Courageously :),Negative
4.30E+17,RT @RonnieRadke: Indirect tweets are cowardly. this tweet is direct to all the indirect. Indirectly. Courageously :),Negative
4.30E+17,RT @gokaxmomurda408: Sometimes ifeel like my family would be better off without me.,Negative
4.30E+17,@maliksidiot: Indirect to 95% of my school who think depression and suicide is a joke http://t.co/7v50zgfrOu,Negative
4.30E+17,indirect suicide?,Negative
4.30E+17,I have a specific plan to kill myself.,Negative
4.30E+17,Seems as if my family would be better off(and much happier) without me :,Negative
4.30E+17,RT @AndreiTheWizard: Seems as if my family would be better off(and much happier) without me :,Negative
4.30E+17,My family would be better off without me anyway,Negative
4.30E+17,"RT @catpennies: #patriarchyis a fear of fatness, an idealization of whiteness, a quashing of sexuality, and a colonization of agency.",Negative
4.30E+17,"RT @catpennies: #patriarchyis a fear of fatness, an idealization of whiteness, a quashing of sexuality, and a colonization of agency.",Negative
4.31E+17,No. I do not plan to kill myself. I have a planet to secularize. No time to die: Daniel Vragsinn,Positive
4.31E+17,Shamefaced,Negative
4.31E+17,"Right after I interview a woman working to end sexual harassment on Metro and transit systems, I get harassed on Metro. Sounds about right.",Negative
4.31E+17,"Video: Witnesses from Home Depot: Nagin sent threatening, intimidating emails http://t.co/iZY0DeItB4",Negative
4.31E+17,threatening emails from Yelp are the best.,Negative
4.31E+17,"According to @MikeMiss975, Internet troll has been harassing and threatening me and my family for the last 4 years http://t.co/jdmazSlwjv",Negative
4.31E+17,Believed to be same guy who sent threatening emails to Roger Williams law school earlier today.,Negative
4.31E+17,"everyone around me, my friends, my family, would be so much better off without me",Negative
4.31E+17,@GoOnAshlee So have I so I have a plan to turn 18 and kill myself...,Negative
4.31E+17,@annambostick: My family would probably be better off without me ?? don't say that ????!,Negative
4.31E+17,Reproachful b*tch,Negative
4.31E+17,You'll be sorry when I'm gone.,Negative
4.31E+17,"My friends go first... Point blank. My family would be better off without me, so yeah. Friends come first",Negative
4.31E+17,Heavy hearted. Very heavy hearted.,Negative
4.31E+17,"i'm too depressed to go on, you'll be sorry when i'm gone.",Negative
4.31E+17,You'll be sorry when i'm gone..,Negative
4.31E+17,you'll be sorry when I'm gone,Negative
4.31E+17,What is something you have always wanted to try?  Hm..cutting wrist? Not eating till I get super thin? Jk!!! Ha... http://t.co/0sPVUGmr9O,Negative
4.31E+17,Had one of those fretful nights. Hoping today goes well. Sword of Damocles is hanging above me for some reason.,Negative
4.31E+17,RT @JillianChantal: Had one of those fretful nights. Hoping today goes well. Sword of Damocles is hanging above me for some reason.,Negative
4.31E+17,Heavy hearted.,Negative
4.31E+17,RT @sydneynikol: Shoutout to @JesseBenton for almost cutting my wrist off and @JoshDudley_8 for almost catching my whole arm on fire ??,Negative
4.31E+17,"Hey guys, I'm back home. Today is kind of cheerless. I just want to go to bed and sleep. D:",Negative
4.31E+17,You'll be sorry when I'm gone.,Negative
4.31E+17,Ehret tripping now they be cutting they wrist and shit hanging they self they on that dope here,Negative
4.31E+17,@doctaj I've given up today  and am just composing this kind of text: http://t.co/LmPddeRGb5,Negative
4.31E+17,So heavy hearted today..#ripmom #ripryan ??????,Negative
4.31E+17,Do you often get the feeling that perhaps life isn't worth living?,Negative
4.31E+17,"Feel like just ending it all, my life isn't worth living without you in it.",Negative
4.31E+17,"noreen, suicidal lang? cutting your wrist.. hahaha x)",Negative
4.31E+17,"i bet i wud be cutting my wrist now if i were a girl but hey , turn to Allahswt , its just a test from Him haidar ..",Negative
4.31E+17,RT @McKennaLamos: This weather makes me wish I were dead.,Negative
4.31E+17,I'm too depressed to go on you'll be sorry when I'm gone,Negative
4.31E+17,"I'm too depressed to go on, you'll be sorry when I'm gone. ??",Negative
4.31E+17,???????suicide attack????????????????????????????????????????????????????????????,Negative
4.31E+17,RT @tambund_: you'll be sorry when i'm gone RT @yofanavirgianne @ollenschaa: You're gonna miss me when I'm gone,Negative
4.31E+17,Heavy Hearted.,Negative
4.31E+17,Life really isn't worth living. ??,Negative
4.31E+17,You'll be sorry when I'm gone.,Negative
4.31E+17,"I'm too depressed, to go on, you'll be sorry when I'm gone",Negative
4.31E+17,I wish you were dead.,Negative
4.31E+17,"RT @TheBucktList: Before I die, I want to http://t.co/kMDZeqiBAJ",Negative
4.31E+17,"RT @yourbucketIist: ??? before i die, i want to http://t.co/93wDzdQ0ke",Negative
4.31E+17,"@88bottlesinaday and should you die before me , I'll do the same ?",Negative
4.31E+17,I wanna get away....but I don't know where. I don't want to leave. #sad #badday #depressed #tired http://t.co/LHkGwk6qap,Negative
4.31E+17,RT @FeelinggsSuckk: I'm more depressed then ever..,Negative
4.31E+17,Depressed. Angry. Tired. Done,Negative
4.31E+17,very disappointed @nusuk isn't offering anything closet to an alternative. http://t.co/HfoMphEu2K @newstatesman @mmurphy17 #spoilyourvote,Negative
4.31E+17,Disappointed.,Negative
4.31E+17,RT @Mr_Carterr: i'm so heartbroken by this . my prayers go out to her family and friends . ?? #MagconMaddie http://t.co/eRgb3tWekE,Negative
4.31E+17,I'm hopeless and awkward and desperate .,Negative
4.31E+17,Full on harassing me at the end of school,Negative
4.31E+17,Drowning my sorrows in dirty chai and tattoo shows,Negative
4.31E+17,"She's all alone again, wipping the tears from her eyes. Someday she feels like dying, she gets so sick of crying.",Negative
4.31E+17,"or wake at night alone,I am to wait I do not doubt I am to meet you again,I am to see to it that I do not lose you. #WaltWhitman",Negative
4.31E+17,Feel so alone :(,Negative
4.31E+17,I just need to leave her alone before I scare her away,Negative
4.31E+17,"Well I tried to live without you, and tears fall from my eyes, I'm alone and I feel empty, God I'm torn apart inside!",Negative
4.31E+17,He Looks so Dejected and Sad......:( http://t.co/3NivkaHThO,Negative
4.31E+17,RT @butbandlyrics: I walk this empty street along the boulevard of broken dreams.,Negative
4.31E+17,I'm such an outcast in my family:,Negative
4.31E+17,What a day??... Isolated status!,Negative
4.31E+17,annoyed and upset ??????,Negative
4.31E+17,I am unbearably alone,Negative
4.31E+17,This movie got me all kids of depressed and disoriented like which way is up and down?,Negative
4.31E+17,"With the fearful strain that is on me night and day, if I did not laugh I should die....lolx",Negative
4.31E+17,I'm hella anxious.,Negative
4.31E+17,"@UnusualFactPage: Music reduces anxiety, and also helps your mind and body get through stressful times.",Positive
4.31E+17,The anxiety is killing me.,Negative
4.31E+17,RT @wallingf: Planning is easy. Delivery is hard.,Positive
4.31E+17,Refusal. Anger. negotiation. depression. acceptance,Negative
4.31E+17,@deemota Thanks man. The anxiety might kill me.,Negative
4.31E+17,Fear is what stops you... courage is what keeps you going.,Positive
4.31E+17,Depression is killing me.,Negative
4.31E+17,Depressed,Negative
4.31E+17,"RT @drxwssilver: demi was depressed & everyone said stay strong, selena goes to rehab & everyone says stay strong, justins depressed and ever",Negative
4.31E+17,RT @Drakee_YMCMB: Telling someone who's depressed to 'Just get over it' is like telling a blind person to 'Just look harder',Negative
9.20E+17,RT @myIostsoul: loneliness is all i've been feeling lately and it hurts,Negative
9.20E+17,I felt happy seeing an Arsenal fan and a Chelsea fan talking 2 or 1 another about their chances of winning d league title,Positive
573465860,RT @Fact: People who enjoy helping others and or spending money on others tend to be less stressed and happier.,Positive
3469282094,love is when your parents eat the old rice so you can enjoy the fresh batch.,Positive
2377192200,@mattarihinoaras enjoy,Positive
2910649192,"RT @VisitChinaNow: Enjoy the spice of life. Try hotpot, the shining star of Sichuan cuisine",Positive
2638241781,RT @leezy_floetry: Stop stressing about school and just enjoy life. Live in the moment.,Positive
1118745194,"RT @MotivatinQuotes: Enjoy life, remember to be grateful for the little things, be kind to the people around you and follow your heart.",Positive
928009003,RT @Quote_Soup: Ask yourself what is really important and then have the courage to build your life around your answer.,Positive
371250845,The most important thing in life is to decide what's most important,Positive
9.10E+17,RT @CentrumSA: Staying active is one of the most important ingredients of a healthy life,Positive
8.26E+17,RT @LifeWithJohn: Your positive action combined with positive thinking results in success.,Positive
1410767233,Positive Thinking: Find Happiness And Achieve Your Goals Through The Power Of Positive Thought free ebook,Positive
9.20E+17,RT @gilberra: This makes my heart full of joy. God is faithful! Congrats @kaylabrooke_20 ! @RoyLucas_SKQBs https://t.co/iyCi1sSx2u,Positive
9.20E+17,RT @FlowersbyIndira: Holy Mother of God! I'm full of joy. Thank you @valentinifrank,Positive
9.20E+17,RT @gilberra: This makes my heart full of joy. God is faithful! Congrats @kaylabrooke_20 ! @RoyLucas_SKQBs https://t.co/iyCi1sSx2u,Positive
9.20E+17,@Noounita   Happy birthday I wish happy you a life full of happiness and joy,Positive
9.20E+17,RT @swaisglass @BaileeMadison happy birthday you talented gal!!!! Hope it's full of Joy!!!,Positive
9.20E+17,"Today's #TheMindfulBreak spread looks lovely ! A sight to breathe in full of joy, peace and love  #blogginglif https://t.co/jghxoe0eVn",Positive
9.20E+17,@BaileeMadison happy birthday you talented gal!!!! Hope it's full of joy,Positive
9.20E+17,"RT @bettinaschroed5: @pintsize73 Always thanks sooo much my dearest Marie, a time full of love and joy for you, sleep well",Positive
9.20E+17,"It's true when they say if you start thinking positive, you'll be happier",Positive
9.20E+17,Believe in positive thinking. Life is a beautiful thing. Be your own motivation.,Positive
9.20E+17,Ways of Positive Thinking https://t.co/PhCDR0voyM https://t.co/E5iedWwLiF,Positive
9.16E+17,Knowing they were doing something to resist Umbridge and the Ministry gave Harry a feeling of immense satisfaction,Positive
9.20E+17,"RT @RickRoss: Even if you ain't got no paper,bring your motivation to the table.",Positive
9.20E+17,RT @KevinMalunga: One year after 'retirement'.@ThuliMadonsela3.I hope you are enjoying the busy 'pensioner' life. https://t.co/ivEpmoQV07,Positive
9.20E+17,Life isn't about having things to enjoy life. It's about enjoying life with the things you have.,Positive
9.20E+17,RT @LilTeek_: Real life enjoying the lil things that matters the most,Positive
9.20E+17,RT @CanberraBahai: Baha'is all over the world are celebrating the Bicentenary of the Birth of Baha'u'llah.,Positive
9.20E+17,RT @ManobalaV: Nice gesture by #Suriya fans to create a common DP for celebrating #Anirudh's birthday. #HBDAnirudhBySuriyaFans #TSK #Sodakk,Positive
9.20E+17,"As Colleen &amp; I begin 35 years of marriage today, I still love my wife &amp; best friend! Great celebrating with @MikeLederer &amp; @trishhthedish",Positive
9.20E+17,"RT @JeffVeillette: Hockey Etiquette 101: When celebrating a goal, make sure you don't miss anyone. https://t.co/bqr2nFhrLB",Positive
9.20E+17,Loved celebrating our sweet Rachel this weekend! #StuckonStalvey https://t.co/WRLHSVHlL5,Positive
9.20E+17,RT @CoachLikensASU: Celebrating ANOTHER SunDevil big win with my boyz @NkealHarry15 @kylewilliamsVI #PlayMakerz,Positive
9.20E+17,@Thetoffeemen1 @SimonMidi9790 @RonaldKoeman @Everton sure  just get that homework done while celebrating that poin https://t.co/oi7X3ZTLGy,Positive
9.20E+17,@priyank_acharya @JPNadda World has got the right path celebrating D 'Matri pitri pujan diwas' started by #Bapuji.,Positive
9.20E+17,RT @babycarebot: It's okay to be proud of your progress even if you're not exactly where you want to be. You're getting there,Positive
9.20E+17,RT @HelmanDC: I know you think you're sad that the Cowboys don't play today. But any day your team can't lose is an occasion worth celebrate,Positive
9.20E+17,RT @BabitaBandhu: @MLekhiOffice World got the right path celebrating 'Matri pitri pujan diwas' started by #Bapuji. #ServiceForHumanity,Positive
9.20E+17,RT @CapcomFighters: Congratulations again to @tokidoki77 for taking the Asia Regional Finals title! Thanks to @Yoshi_OnoChin for giving out,Positive
9.20E+17,RT @NiallOfficial: 2 wins in 2 weeks . Congratulations @TyrrellHatton ! Machine,Positive
9.20E+17,RT @Beebri97: @Quueenn_M Girl I wanna look this good when I'm pregnant lol. Congratulations beautiful! I hope it's a girl so she can be like u,Positive
9.20E+17,RT @NiallOfficial: 2 wins in 2 weeks . Congratulations @TyrrellHatton ! Machine,Positive
9.20E+17,RT @Gorb_FanClub: Congratulations to Gorb for graduating middle school. We all hope you strive for greatness like you do on cod4,Positive
9.20E+17,RT @virendersehwag: Congratulations India on beating Pakistan 3-1 in #AsiaCup2017 #INDvPAK . Thank you for the advance diwali gift @TheHock,Positive
9.20E+17,"Congratulations, Jim! I'm  a great editor, not a great media artist.",Positive
9.20E+17,"Congratulations, John! I'm a creepy actor, not a sweet actor",Positive
9.18E+17,@gimmethefife No one should ever be driven to the point of suicide... especially not by those you have done nothing but cared for..,Positive
9.20E+17,RT @LSUBonnette: Had a feeling it was going to be a great day got to meet John Stockton before the game,Positive
9.20E+17,What a great feeling and never gave up well done @67Shakey @BeWiser kept a cool head all weekend. #age is nothing https://t.co/GDFHwwsk2s,Positive
9.20E+17,I woke up feeling great.,Positive
9.20E+17,"@o_crunk Keep it up, you do good work!",Positive
9.20E+17,Paxton fans keep up the good work !  This young lady is really talented,Positive
9.20E+17,"Work two jobs, in school, gotta car, my own apartment, a boo , life's going good for me right now and I'm only 19",Positive
9.20E+17,Bad habits are more difficult to identify in your work life. #careerinspiration #careergrowth #habits,Positive
9.20E+17,Happy birthday big guy keep up the good work @Brandon_Leach7,Positive
9.20E+17,RT @myugnjuns: anyways arohas lets work hard to show our love and support for astro in this comeback as they provide us with another good,Positive
9.20E+17,I have amazing people in my life that encourage nothing except the positive. Thank you Lord for blessing me.,Positive
9.20E+17,@dianapmarez It's a great time in life! We can help you design an amazing wedding.,Positive
9.20E+17,RT @ShorouqAD: Choose a job you Love and you will never have to work a day in your life. Happy future our amazing students,Positive
9.20E+17,#Success consists of going from failure to failure without loss of enthusiasm.  Winston Churchill #quote #persistence,Positive
9.20E+17,RT @jenanmoussa: I love to see Palestinians dancing and having fun. Good &amp;positive stories deserve to go viral as well.,Positive
9.20E+17,RT @deepee_xo: It's all fun &amp; games until you're throwing up hotcheetos https://t.co/WFnQHu3vaA,Positive
9.20E+17,RT @lisapryor23: @MillwallFC @zampathelion what a fun day ! https://t.co/jr18uTkFX4,Positive
9.20E+17,@tmotsenbocker @TheAcademic @judahandthelion Take it all back was so fun https://t.co/iewkzKosB8,Positive
9.20E+17,@Target I am loving you a.n.d line at the moment! And my bank balance is liking it too! Great style made affordable #style #shopping,Positive
9.20E+17,RT @juicymarilee: i am such a loving and caring person,Positive
9.20E+17,sbux is exclusively playing rostam and beck i am loving it,Positive
9.20E+17,@GemBrodie I have liked Ryder for quite awhile &amp; it was good to see him perform on a televised fight. I am loving it,Positive
9.20E+17,I am loving what I just read about #VR. Love it!,Positive
9.20E+17,"RT @hullablue: Daughter was delighted to see this assistant referee today 'her hair is like mine, can I be a referee? '",Positive
9.20E+17,RT @therealMickeyT: Wasn't the performance we wanted but delighted with a point we're still unbeaten &amp; got the best GK in the world,Positive
9.20E+17,"RT @theseoulstory: Cheers for more wonderful years with HIGHLIGHT  Happy 8th anniversary, guys! @ent_aroundus #CELEBRATE_HIGHLIGHT",Positive
9.20E+17,RT @VibeFeeIings: Your hardest times often lead to the greatest moments of your life. Keep the faith. It will all be worth in the end.,Positive
9.20E+17,"@Rukaarii Just woken up, very pleased he won. Was it a good match?",Positive
9.20E+17,"@JulieJoyce Sounds pretty fine to me  and very pleased to hear that creepy is your cup of tea, too!",Positive
9.20E+17,RT @PrincessSGB: I'm pleased to announce that I will be releasing a limited amount of my 'Why U Mad?' Merch this Friday! #WhyUMad,Positive
9.20E+17,"RT @TigrisSafaris: The Indian Roller, a bird considered auspicious in India. #IncredibleIndia #TigrisSafaris #photooftheday #wildlifephoto",Positive
9.20E+17,RT @mpparimal: Remembering the legendary former #PresidentOfIndia Sh #APJAbdulKalam on his auspicious birthday,Positive
9.20E+17,"RT @ImRaina: What a dominating performance, @TheHockeyIndia! Let the celebrations begin Best wishes for the games ahead",Positive
9.20E+17,RT @narendramodi: Delighted to join the Centenary Celebrations of Patna University. Sharing my speech during the programme today.,Positive
9.20E+17,Focus on opportunities more than you focus on money.,Positive
9.20E+17,"RT @0mysky: If you find someone that makes you happy, enjoy it... life is not fair nor give many opportunities... https://t.co/dCBwDeQVH8",Positive
9.20E+17,"RT @mkoirala: Just keep going forward, no matter what #Motivation #Success #Life",Positive
9.20E+17,Jealousy is important for a person to move ahead in life. It keeps you on your toes and helps you realize,Positive
9.19E+17,I be asking god why do I keep loosing people in my life but I see why everyday you can't move ahead in life,Negative
9.19E+17,RT @iamfabrizio: Sometimes in life &amp; love situations in order to move ahead we just have to give ourselves over to being vulnerable &amp,Positive
9.19E+17,RT @VRachal33: I swear to move forward or get ahead in life,Positive
9.20E+17,Done with the stress,Negative
9.20E+17,May you live every day of your life: Jonathan Swift,Positive
9.20E+17,Appreciate and be grateful for every given moment and live your life with love + joy  #EnjoyLife #EnjoyFriends https://t.co/1Qwj7Jtq8N,Positive
9.20E+17,@bobby_bobbles @snovvvhite live your best life,Positive
9.20E+17,Life's so short man I couldnt stress enough how important it is for you to live your love with peace and good energy!,Positive
9.20E+17,#inspiringvanessa You were BORN to live YOUR life and NOT someone else's,Positive
9.20E+17,RT @dracomallfoys: yeah well math made me want to fucking kill myself why don't yall pull that off from the curriculum https://t.co/GvgeAHP,Negative
9.20E+17,"When Kashdoll said, 'Yall hoes kill me always want the next bitch issue, Bitch you want her life but dont know what she been through'",Negative
9.20E+17,RT @justnbzzle: Can someone kill me? I hate school,Negative
9.20E+17,RT @L1LDebbie: Im a loser baby so why don't you kill me,Negative
9.20E+17,I know in the end I will be left again because myself is not important at all,Negative
9.20E+17,RT @LoniLove: Be true to yourself and love anyone your heart desires! #NationalComingOutDay https://t.co/uXUUAD3Nax,Positive
9.20E+17,"RT @NOTORIOUSAALI: HOW U OUT HERE STRESSING &amp; HELPING PEOPLE, WHEN U AINT STRAIGHT YOURSELF??? U HAVE TO MAKE SURE UR GOOD BEFORE U COULD",Positive
9.20E+17,Learn to love yourself first. Be happy alone. No one will love you or be happy with you if you can't even do it.  them facts.,Positive
9.20E+17,"RT @SEOKJIN_PH: ARMYs, after all of this, win or lose, reward youself.You deserve it.Don't beat yourself up.Love Yourself.",Positive
9.20E+17,RT @biebersmaniabrs: 'Love Yourself',Positive
9.20E+17,RT @Trump_ton: 'I think you ought to know I'm feeling very depressed',Negative
9.20E+17,"@narendramodi hello sir, today I felt very depressed coz my first MBA ACCOUNTS exam wasn't good.",Negative
9.20E+17,"Read Allegiant by @VeronicaRoth . Why? Why, Veronica, why?! Why did you kill her?!I'm very sad  depressed to read that Tris died.",Negative
9.20E+17,@___Scoob Fucku lol shoot me one now,Negative
9.20E+17,shoot me now.,Negative
9.20E+17,RT @nblesbian: kill me now,Negative
9.20E+17,"Been up since 3 and now I have work , please kill me",Negative
9.20E+17,"i'm begging you, pls kill me now",Negative
9.20E+17,Kill me now,Negative
9.20E+17,Jesus christ  all i wanted was some support but now i can't even ask for that unless it's going to kill me.,Negative
9.20E+17,kill me now,Negative
9.20E+17,Kill me now https://t.co/OyCK2FaleR,Negative
9.20E+17,@SusanKrauseByer @ASlavitt @daft_editor I am so sorry,Negative
9.20E+17,RT @kyIeposts: you gotta love yourself before you can properly love someone else.,Positive
9.20E+17,yourself! you can do anything if you want. you can be anything if you want. i love you! smile a lot and be happy for me too.,Positive
9.20E+17,Always love yourself first before you can love anyone else. Always put your self first bc in the end you will still have yourselves,Positive
9.20E+17,"Each day, each hour, each minute is just torture. I want it to end",Negative
9.20E+17,Waking up every day wishing I hadn't,Negative
9.20E+17,I feel like the only way to no longer carry this pain is to die,Negative
9.20E+17,I am weird and slow. Every social interaction is painfully awkward,Negative
9.20E+17,I want to finish my life,Negative
9.20E+17,"No one understands me in this life, I'm leaving",Negative
9.20E+17,love u,Positive
9.20E+17,you are my love,Positive
9.20E+17,"My suicidal ideation is always there, in the back of my mind. I wouldn't say I'm suicidal currently, but I take comfort in the fact that if it ever gets so bad I could do it. Knowing myself, it's probably how I'll go one day. Not anytime soon, but one day.",Negative
9.20E+17,I sometimes have the desire of driving a knife into my heart.,Negative
9.20E+17,"After being free from ideation for 9 months, I've been thinking about suicide again.",Negative
9.20E+17,I Want to Do a Suspension,Negative
9.20E+17,I want to commit suicide but I don't want anyone to know about it,Negative
9.20E+17,I Think About Suicide,Negative
9.20E+17,"I want to commit suicide, but I don't want it to be painful",Negative
9.20E+17,I Love Happy Music,Positive
9.20E+17,I Love Happy People,Positive
9.20E+17,I Love Happy Moments,Positive
9.20E+17,I Wish My True Love Happy Valentine's Day,Positive
9.20E+17,I Love Happy Faces,Positive
9.20E+17,I Wish I Could Make Everyone I Love Happy All The Time,Positive
9.20E+17,I apologize,Negative
9.20E+17,I quit,Negative
9.20E+17,be happy always and enjoy ur life,Positive
9.20E+17,"work for others,you will be happy",Positive
9.20E+17,I Love Happy Love Songs,Positive
9.20E+17,I Enjoy Helping Others,Positive
9.20E+17,I Enjoy Having Friends In My Life,Positive
9.20E+17,I Really Want to Enjoy My Life,Positive
9.20E+17,I Am Learning to Enjoy Life and Not Fear It,Positive
9.20E+17,i hate evey thing around me,Negative
9.20E+17,Death is the cure for all diseases,Negative
9.20E+17,"feeling hopeless n i just want 2 die Not like it matters anyways, no 1 cares.",Negative
9.20E+17,"because i feel as if i am not a good enough human at ,times and deserve nothing less then to die and pay for it #truths",Negative
9.20E+17,I really am sick and tired of my life . I see no point in it .,Negative
9.20E+17,I hate how disgusting this world is and I want to die.,Negative
9.20E+17,"Nothing in life brings me joy anymore and I can't see a future for myself, I just really want to die",Negative
9.20E+17,I just don't want to wake up tomorrow. This world isn't meant for me. Really life or online.,Negative
9.20E+17,I Just hate my self n i want to die!,Negative
9.20E+17,I just think it would be better if I ended it all.,Negative
9.20E+17,hate my life .,Negative
9.20E+17,feeling hopeless and desperate. I have nothing to lose now. what is the best way to end my life?,Negative
9.20E+17,"I wish I can die already, this life is horrible",Negative
9.20E+17,I really am sick and tired of my life,Negative
9.20E+17,I hate how disgusting this world is and I want to die.,Negative
9.20E+17,I LOVE MYSELF! I love everything about me!,Positive
9.20E+17,You need to LOVE YOURSELF,Positive
9.37E+17,RT @ASAPYams: very depressed,Negative
9.37E+17,Pastor plz pray for me as am very depressed,Negative
9.37E+17,SUGA AND SURAN IN ONE STAGE KILL ME KILL ME NOW,Negative
9.37E+17,I WANT TO DIE,Negative
9.37E+17,I Want To Die.,Negative
9.37E+17,MY STREAM DIED I WANT TO@DIE TOO,Negative
9.37E+17,I Want To Die,Negative
9.37E+17,plz kill me,Negative
9.37E+17,"@aegyotaetae: love yourself, love myself, peace.",Positive
9.37E+17,I just have this sick feeling that you would be better off without me,Negative
9.37E+17,"You would be happier and better off without me, I promise",Negative
9.36E+17,You guys would be better off without me anyways,Negative
9.35E+17,@CloudNineSnow I think you guys would be better off without me honestly.,Negative
9.37E+17,@laypics_: congratulations OUR KING!!,Positive
9.37E+17,Stress. Kill me now,Negative
9.37E+17,People kill me,Negative
9.37E+17,How embarrassing I wish I were dead,Negative
9.37E+17,my name is edd and i wish i were dead,Negative
9.37E+17,"give respect,take respect",Positive
9.37E+17,doing suicide now,Negative
9.37E+17,"i love everyone,we all are friends",Positive
9.33E+17,kill me now,Negative
9.36E+17,i am loving it.dance is my passion,Positive
9.33E+17,"endless pain in life,end it",Negative
9.37E+17,lets ave a lot of fun,Positive
9.12E+17,"Nothing left in this world for me,i want to die",Negative
9.37E+17,I am successful in life,Positive
9.37E+17,End my life,Negative
9.37E+17,It don't work against your own life. ,Negative
9.37E+17,Suicide is the one act to take your own life.,Negative
9.37E+17,"The group home closed for the Christmas holidays so the staff could spend time with their families. The youth were sent to their dysfunctional families, or were forced to stay in respite foster homes with strangers. Kim didn't know the suicide hotline #number.",Negative
9.37E+17,"Heck with those meetings its been common these days but no #CBIforShushant  people continuosly fighting for Justice but no one even caring and still claiming as suicide, deleting all evidences how careless these people are ",Negative
9.37E+17,Death or prison,Negative
9.37E+17,God grant me the strength to keep fighting this hopeless fight. #stupidhorriblevirus,Negative
9.37E+17,"i wish in my next life i will be the happiest person i will ever be. but deep inside, there's a voice inside me telling i don't want to be born again. being hopeless and helpless in this life is enough.",Negative
9.37E+17,Please check my pinned. My brain hopeless rn,Negative
9.37E+17,"that time i felt so miserable. almost every night i cried because i felt so hopeless. even up to this day, i feel absolutely terrible. i lament the fact that i am poor, my family is poor.",Negative
9.37E+17,Hopeless drifting..,Negative
9.37E+17,if im hopeless then ill probably do that lawl,Negative
9.37E+17,"i wish i could be devasted over it falling apart, instead of hopeless in the fact it never began",Negative
9.37E+17,I know that maybe if we are meant to be we'll meet again. But I know I can't be clinging onto that hopeless wish.,Negative
9.37E+17,"wow, im sooo sad i had everything planned out on when i was going to leave home &amp; go to college in denver... and you https://t.co/rXS5MlxBqf",Negative
9.37E+17,"anyway if you cant accept that ive MOVED ON FROM YOU SICKOS, go fuck yourself, ill just keep avoiding your sorry asses",Negative
9.37E+17,"im hoping my stress level will go down when my aunt is gone... i cant relax, am exhausted, and can't focus on a damn https://t.co/7eRvPZ4rpS",Negative
9.37E+17,"said he has a job but has time for this shit, cant wait to see him next time i go on a maccas run!",Negative
9.37E+17," @tom_wilso @NHL @Capitals i play hockey, ive gotten penalties like that. dead play or not, you cant go? https://t.co/J9vcMvoE23",Negative
9.37E+17,whoever replied i cant see it but just kno i said what i said and go see aquaman directed by james wan on dec 21 https://t.co/G1lMtPk12l,Negative
9.37E+17,you are changed for the fucking worse. i cant believe that you could really go back on all ur hard work like that,Negative
9.37E+17,Millwall v Blackburn travel purchased for live on Sky sports selection. Cant wait to go to the game with value!,Negative
9.37E+17,why cant I loose enough blood on my period that I just die ugh? IDK go see a doctor https://t.co/P2PTooYnT5,Negative
9.37E+17," @jamescharles @LoganPaul Just because shane made a Series on you Doesnt mean people take you seriously, you?https://t.co/D5rA0nua0U",Negative
9.37E+17,That skill takes time and iq. As a center he could run other bigs off the floor and force other teams to go small ,Negative
9.37E+17, @Maddierawrk That not how it works and if you truly believe this then I feel sorry for you. We do,Negative
9.37E+17,"I so much happier &amp; better off without you weak , fake lames  leave me alone , I don't need you anyway #bigslime",Negative
9.37E+17, that sounds so terrible that's how i was when my dad still lived w me but i hope it gets better for,Negative
9.37E+17,"Ever feel like everyone's better off without you, because me fucking too. https://t.co/TcS3ZzrZoj",Negative
9.37E+17, Better be adding bouncers back then. No way you will are dumb enough to add this big a game change then,Negative
9.37E+17,RT @vanbrueghel: release my body,Negative
9.37E+17,"okay but lets be real, why am I really still here ? I am nothing but an annoying ass, useless, talentless person can",Negative
9.37E+17,RT @albanese778: I fucking miss you :( but you are probably better off without me.,Negative
9.37E+17,I need a job that revolves around promoting  mental health but I think it so grimy to make money off of that ,Negative
9.37E+17,I do think homies doing the right thing &amp; deserves every dollar he will get. Steelers are silly for not paying him,Negative
9.37E+17,I fucking miss you :( but you are probably better off without me.,Negative
9.37E+17,"""I understand incentivizing companies to move to you",Negative
9.37E+17,RT @B8SSONS: i hate feeling the way i do,Negative
9.37E+17,"RT @no_onespecixl: Know one enjoys my company and I just make everyone miserable, everyone is better off wi",Negative
9.37E+17, Well he was partially right! I do want him to get sick and die and I would dance on his grave! May I,Negative
9.37E+17,My work schedule for next week makes me want to DIE I am not ready,Negative
9.37E+17,i want to fucking die,Negative
9.37E+17,aj really not wwe champ anymore... I want to die,Negative
9.37E+17, WHY do you raid Drs offices when you KNOW that illegal fentanyl thru mail is killing people? People are in ,Negative
9.37E+17,DANIEL WON!,Negative
9.37E+17,...........why the fuck would they put Daniel is in a match against Brock? Do they want him to die on Sunday?,Negative
9.37E+17, No I want him to get indicted &amp; watch the kids go to jail - I don't want him to die because the Trump,Negative
9.37E+17,me when i finally die after saying i want to die every single day https://t.co/zXWoEexbQZ,Negative
9.37E+17,So this goes well to show the average American trying to retire will die hungry and alone.,Negative
9.37E+17,"Now playing J. Gardna ft 2 Pistols, Tone Trump &amp; Drop - Die Alone (Remix) (Dirty) on Street Style Radio",Negative
9.37E+17,I just wanna bring up Mac didn't die from cocaine mixed with fentanyl. He literally had a line. .,Negative
9.37E+17,me: oh my god i want to fuckin die i hate myself im so lonely,Negative
9.37E+17,does he think I am gonna be single forever,Negative
9.37E+17,RT @ruinpeach: everyone fighting about this but will is dead and wessa kids are dead and  going to die one day along with jessa,Negative
9.37E+17,I am so tired of living and college I just wanna drop out and work somewhere far away from everyone https://t.co/Dq3rIUxtbv,Negative
9.37E+17,"Tired of living life with the fear of not being liked. So for now on, FUCK IT I am really livin",Negative
9.37E+17,RT @delaneykazee: i am so tired of living in a country that has become about taking sides. bitch can we all just love and respect each other,Negative
9.37E+17,survive but tired like shit whatthe point of living,Negative
9.37E+17,RT @ImHorny32503587: #HornyFact I'm so fucking tired of living I'm not smart I'm not athletic I'm not attractive I'm not talented I just ,Negative
9.37E+17,Y'a I'll go on a complete social media strike till I change myself completely. I'm about to unlearn all the fucked,Negative
9.37E+17,Need to fucking move out already tired of being told what to when to do it and most of all not having a fucking room,Negative
9.37E+17,Tired of merely existing. Want to get to living.,Negative
9.37E+17,"Scared of death, tired of living.",Negative
9.37E+17,"I am tired of lies and living in lies, of people showing only the versions they want to show and of shows that people put on.",Negative
9.37E+17,RT @AmNotJake: I'm so fucking tired of living I'm not smart I'm not athletic I'm not attractive I'm not talented I just have this fucking ,Negative
9.37E+17,RT @Yaanayanaa: I am tired of living like this,Negative
9.37E+17,i am so tired of living,Negative
9.37E+17,"i am tired of struggling, im tired of asking for help and mostly i am just tired of life. It is not worth living anymore.",Negative
9.37E+17,If you're tired of living for the 1st and 15th and you NEED to do some IMMEDIATELY...like when your regular deodora,Negative
9.37E+17,If you're tired of living for the 1st and 15th and you NEED to do some IMMEDIATELY...like when your regular deodora,Negative
9.37E+17,So tired of living with these niggas.. only 2 1/2 months to go,Negative
9.37E+17,Tired of living this life,Negative
9.37E+17,I am so sick and tired of living. https://t.co/w8r1DtTjBi,Negative
9.37E+17,I just want to get my ass done I am tired of living this life,Negative
9.37E+17,I'm tired of living tbh,Negative
9.37E+17,I'm tired of living in a world,Negative
9.37E+17,Living as a hardcore empath is so hard. I'm tired of being nice and putting emotional labor into those who are undeserving,Negative
9.37E+17,I getting tired of living the same day every single day,Negative
9.37E+17,YO sometimes I am just tired of living.,Negative
9.37E+17,can i move out already im tired of living with this old hag,Negative
9.37E+17,If you want us to believe you want to be an American it would make sense to learn English in less than 20 years,Negative
9.37E+17,I am tired of living the regular life,Negative
9.37E+17,im so tired of living. whats the point of me living if i keep whining,Negative
9.37E+17,"I hate that I am at war with myself daily. I hate living at home like this, bc I am told my emotions don't matter",Negative
9.37E+17,I'm sick and tired of people putting so much energy into shitting on ships but they won't do the same to help a live,Negative
9.37E+17,yea I am tired of living by myself,Negative
9.37E+17,I'm so tired of living pay check to pay check. If any scammer wanna DM please do ,Negative
9.37E+17,almost broke down at class just because the most negative thoughts are kicking in and I'm mf tired of living hahahahahahahah,Negative
9.37E+17,Tired of living day by day like everything is alright,Negative
9.37E+17," I am actually tired of this!!! It is like living in a home where the troubled, deceitful child always",Negative
9.37E+17,"All right so that's 200 for slytherin, 590 for hufflepuff and 520 for ravenclaw. Sadly I'll have to cut these sprin",Negative
9.37E+17,My grandpas wrist is bleeding really bad he cut it on accident ,Negative
9.37E+17,RT @revolwoc: @sh_tbritttsays SO CUT MY WRIST AND BLACK MY EYES,Negative
9.37E+17, SO CUT MY WRIST AND BLACK MY EYES,Negative
9.37E+17,So cut my wrist and black my eyes,Negative
9.37E+17,Cut my wrist and black my eeeeeyes,Negative
9.37E+17,CUT MY WRIST AND BLACK MY EYES,Negative
9.37E+17,"But what Bezos, de Blasio, and Cuomo have down is walked into our little lego town, kicked all of our lego towers ",Negative
9.37E+17,Random thought #471729.I'm so glad I live in the time of GPS on my cell and navi in my car bc NOTHING confused me ,Negative
9.37E+17,@EricBoehlert Nothing to live for? Why? Because you have been nasty?,Negative
9.37E+17, @LaVendrickS We used to have one. But keeping a live wild animal in a cage surrounded by screaming drunk,Negative
9.37E+17,RT @ghoulrunnings: ive said it before and ill say it again...waluigi sucks...he sounds and looks funny and thats it...theres nothing else,Negative
9.37E+17, These things are literally an everyday occurrence for my family ever since my parents came to this country. ,Negative
9.37E+17,"RT @petun1ia: I have nothing to live for dude, shits so sad.",Negative
9.37E+17, @BeecheyPat @central_cap @LevequeThots It is sickening. What is sickening is we elect ppl like the lib,Negative
9.37E+17, @VanityFair Who cares? It happened and it is in the past. You have nothing to apologize for. ,Negative
9.37E+17,You hear this @DaveOshry? Together we could start some sort of terrible business that pays nothing and sucks our ,Negative
9.37E+17," @2pc_Viking @DianeMariePosts @M_S_Fricker You are being narrow minded....it's about the people,",Negative
9.37E+17,RT @cparham65: Liberals say conservatives are evil. NOTHING further from the truth! We believe in ,Negative
9.37E+17,"RT andreamvaldez: ""Trumpy Bear isn't your average meme-bred merch gone viral: It appeals to everyone and no one,",Negative
9.37E+17, Was no reason for you to get banned 2k not right..Ronnie stay banning folks that do nothing but try,Negative
9.37E+17,RT @elsierosehewitt: how much anger must u be carrying to treat a stranger -who life/struggles/battles you know nothing about- so poorly?,Negative
9.37E+17, sorry I keep missing u kd u don't need to apoligise  for nothing we all have bad days an what u are dealing,Negative
9.37E+17,"For the past week been thinking about is nothing. I want to disappear, why do I feel so trapped in the life",Negative
9.37E+17,I have an awful habit of avoiding writing papers by watching Instagram live videos of the kids I used to nanny for,Negative
9.37E+17,RT @chimchim246: @987fm #SpeakYourselfSG  always hated my life. always felt like there nothing to live for but BTS has helped me,Negative
9.37E+17,"I'm out of all my fucking meds bc my family thought it was the best to do since I got sick, tired ",Negative
9.37E+17,Don't break other people down just because they may seem weaker? than you. If someone eyes are 20/20 that doesn't,Negative
9.37E+17, @trs63 @forensicpathmd @drjudymelinek @NRA I don't want your guns. Seriously. I am not sure who does,Negative
9.37E+17,RT @memorymess: Pain! I is ust like fire &amp; memories are the alcohol that increases its flare. Have you ever felt the crack of your broken,Negative
9.37E+17,Cookie Dough is like  eat me raw I could make you sick?not realizing that I have been ready to die for things I liked less.,Negative
9.37E+17,"RT @SevenShepherd: ""And a certain centurion's servant, who was dear unto him, was sick, and ready to die."" ~Luke 7:2 #Jesus #God #Bible",Negative
9.37E+17,"""And a certain centurion's servant, who was dear unto him, was sick, and ready to die."" ~Luke 7:2 #Jesus #God #Bible",Negative
9.37E+17,Death scares tf out of me and i am not ready to die,Negative
9.37E+17,Fake news just went ballistic. Get ready.                                 You thought fake news was bad? Deep fake,Negative
9.37E+17," Lady, I am on the hill ready to fucking just die already.",Negative
9.37E+17, Pls don't bring this image to my mind I am not ready to die,Negative
9.37E+17,"RT @bakugousblackgf: nishinoya, small and ready to die: eat my ass spirits",Negative
9.37E+17,"asahi, giant and scared: PLEASE don't eat my ass spirits",Negative
9.37E+17,me: *sees a car crash* i wonder how they crashed,Negative
9.37E+17,jami: probably drunk driver coming onto on-coming traffic,Negative
9.37E+17,RT @poemsandthongs: the kinda bad bitch that's ready to die anyday now,Negative
9.37E+17,all influencers want to be comedians and all comedians want to be dead.,Negative
9.37E+17,RT @porrafelipeee: They figure me a dead motherfucker,Negative
9.37E+17,But I'm just a motherfucker that want to be dead,Negative
9.37E+17,#smallbizz #entrepreneur #entrepreneurlifestyle https://t.co/dEHV7DED58,Negative
9.37E+17,"@TennisGrapevine ""Thousands of dead children"", as he put it. Sigh.",Negative
9.37E+17,"And it make NO logical sense, in their twisted ",Negative
9.37E+17," @marcorubio You want every vote counted no matter if the voter is dead, move to a different precinct,",Negative
9.37E+17,I want a XBOX but I only want it for State of Decay and I dead ass don't have time to play it now. Really would be a pointless purchase,Negative
9.37E+17,RT @AdrianXpression: Homophobic parents spew their bigotry and be wondering why they end up with dead ass kids. Keep acting stupid ,Negative
9.37E+17,I tried to be good and not buy food but i dead ass want chipotle chicken and rice rn,Negative
9.37E+17,"This is correct. I, for one, absolutely do not want to live in a country with these fucking chuds. And I believe ",Negative
9.37E+17," They want people like me dead. They don't want to help me. If I was in Canada, Israel or Germany I wonder",Negative
9.37E+17,"I just want to remind you ll that without Iris, Barry Allen would be dead right now. But she useless right?",Negative
9.37E+17,me: i want to die and be dead,Negative
9.37E+17,"I work hard  every day of my life I work 'til I ache in my bones, at the end ",Negative
9.37E+17," My G-Grandfather fought in WW1, earning the military medal at La Boisselle. Then in the thought of fight",Negative
9.37E+17," @Harryslaststand My G-Grandfather fought in WW1, earning the military medal at La Boisselle. ",Negative
9.37E+17,I don't know what to do. I'm trying so hard to make a life work. To live life. My husband literally refuses to take,Negative
9.37E+17,Ill ride for my dawgs any day but at the end of the day. I already know where the streets can take you &amp; ,Negative
9.37E+17,"RT @mitchlafon: On This Day - November 12th 1976. Queen release single, Somebody to Love.",Negative
9.37E+17, I had to unexpectedly put down one of my rabbits last week and it hurts like hell. It's bad enough when,Negative
9.37E+17,Females will be fucked up in the head and blame a nigga for them being fucked up...you ll gotta take accountability,Negative
9.37E+17,"Something weird in that I couldn't stop thinking about him, couldn't sleep. Then out of some old papers a card",Negative
9.37E+17,"i want to wake up, watch the sunrise and sun set, then go to sleep everyday forever.",Negative
9.37E+17,i wanna go to sleep forever and never wake up im so tired,Negative
9.37E+17,my morning started out so bad i just want to go home and sleep forever,Negative
9.37E+17,Tired of kickin you bitches out the house about ready to go to sleep and wake up to the same ting forever.,Negative
9.37E+17,Off work. Resisting the urge to go home and just fucking sleep forever tbh.,Negative
9.37E+17, that crap took me forever to put together. I am going to go sleep for DAYS,Negative
9.37E+17,I swear it doesn't matter what time I go to sleep my body forever wakes up tired,Negative
9.37E+17,I don't want to go back to school rn. I don't want to drive there. I don't want to do this stupid project. I just want to die,Negative
9.37E+17,RT @amyadamsnose: please somebody come fucking kill me im so in LOVE!!!!! https://t.co/e13ilxL9XJ,Negative
9.37E+17,when that muffin guy said release somebody kill me? I felt that shit,Negative
9.37E+17,Somebody just please kill me before my life gets any more stupid?,Negative
9.37E+17,THIS SUCKS MAN I REALLY DON'T KNOW WHAT I AM ABOUT TO DO ANYMORE RASH DECISIONS AFTER RASH DECISION. NO CONTROL,Negative
9.37E+17,somebody just fucking kill me please,Negative
9.37E+17,wow i want to die! somebody fucking kill me! PLEASE! https://t.co/oyySkOcTE0,Negative
9.37E+17,"@theschwasound @feraljokes @BethLynch2020 Fuck, somebody come kill me please.",Negative
9.37E+17,Adam Sandler before he became shit predicted my future mental state...,Negative
9.37E+17,"""Oh somebody kill me please!",Negative
9.37E+17,please somebody come fucking kill me im so in LOVE!!!!! https://t.co/e13ilxL9XJ,Negative
9.37E+17,You know what I hate? Staying in class during breaks and hearing hormonal teenagers?conversations. Somebody kill me please.,Negative
9.37E+17,Somebody kill the evil version of me please!!,Negative
9.37E+17,SOMEBODY PLEASE FUCKING KILL ME IM SO IN LOVE https://t.co/WbVmmKzDDh,Negative
9.37E+17,Just got back from a sweltering morning covering Cowboys preseason training and the air-con in the office is broken?,Negative
9.37E+17,ALWAYS FUCKING STRESSING AND ITS NOT GOOD. DAY BY DAY I JUST FEEL LIKE IM GOING TO FUCKING LOSE IT AND DO IT. YOU WOULDNT CARE THO BECAUSE IM WORTHLESS TO YOU,Negative
9.37E+17,JUST FUCKIN KILL ME,Negative
9.37E+17,"@kingxhesh,,just fucking kill me already i dont want to be here anymore",Negative
9.37E+17,"@Shy_Tide,England,Yeah no i dont want to be here anymore it hurts too much and im struggling too much",Negative
9.37E+17,"@sadegsi,ger/rus/eng,I want to die so much, I dont want to be here anymore",Negative
9.37E+17,"@lilbluezcluez,crawling out of hell,i dont want to be here anymore",Negative
9.37E+17,",co '19 i dont want to be here anymore i done ruined a good thing https://t.co/Bql3YIlI1L",Negative
9.37E+17,"@Jane_rodriguezz,Cotulla, TX  //  Lacoste, TX,RT @jaemverse: i just dont want to be here anymore",Negative
9.37E+17,"@Madyson_gregg,Castroville, TX,RT @jaemverse: i just dont want to be here anymore",Negative
9.37E+17,"IVE LOST A LOT OF INTEREST IN NASCAR AND DONT THINK I WILL TWEET FROM HERE MUCH ANYMORE. IF YOU STILL WANT TO BE FRIENDS OR SOMETHING, YOU CAN FOLLOW MY LESS POPULAR TWITTER PAGE: @gutcheez. WE CAN BE FRIENDS THERE.",Negative
9.37E+17,"@MrBez1, Staffordshire UK ,@peter4077 Oh peter your rid of him now so life will only get better, dont let him get to you anymore. The tears will go and you can be free once and for all. Here is you want to chat always xxx",Negative
9.37E+17,"@ohvember,Portland, OR,every kid has had a tantrum today i dont want to be here i dont want to hear anymore crying i just want to go home and pet my dog",Negative
9.37E+17,"@homerunderbyemo,,Just checked out that Homerun Derby EP, it SLAPS  https://t.co/lrHB1FDz6t",Negative
9.37E+17,"@gcoakley13,,2nd is 'i dont want to be here anymore' by em too",Negative
9.37E+17,spring break in plain city... it's snowing ,Negative
9.37E+17,I just re-pierced my ears ,Negative
9.37E+17,@caregiving I couldn't bear to watch it.  And I thought the UA loss was embarrassing . . . . .,Negative
9.37E+17,"@octolinz16 It it counts, idk why I did either. you never talk to me anymore ",Negative
9.37E+17,"@smarrison i would've been the first, but i didn't have a gun.    not really though, zac snyder's just a doucheclown.",Negative
9.37E+17,@iamjazzyfizzle I wish I got to watch it with you!! I miss you and @iamlilnicki  how was the premiere?!,Negative
9.37E+17,The Weepies. ,Positive
9.37E+17,Company picnic day. Yay! ,Positive
9.37E+17,@_gymtonic know how you feel... ,Positive
9.37E+17,"Great work out this a.m. Going to do my devotionals, make some phone calls.  And then my day date, movie (UP) and dinner, with my man ",Positive
9.37E+17,"@bobbyllew Hey there, stolen the keyboard or is daddy watching? ",Positive
9.37E+17,@tethlee living's easy on a house boat  [conor oberst],Positive
9.37E+17,@chuckshurley youre welcome ,Positive
9.37E+17,Had a great time tonight! Dinner was just.... superb! ,Positive
9.37E+17,"@juliet_k Thanks, honey  You are an angel!!!! Which two books are up for choice?",Positive
9.37E+17,@GEBradley good morning! ,Positive
9.37E+17,"@TheGadgetShow Caravans and camels, BUT, NOT together....got the hump now ",Positive
9.37E+17,"SO SEBASTIAN, HERE WE GO! ",Positive
9.37E+17,"I'm about to jump in my pool, it's 30?C and I haven't been home in a year!! ",Positive
9.37E+17,@NylonMag  any chance for the UK? ,Positive
9.37E+17,loves the rain. ,Positive
9.37E+17,:tlkin to sum elementary kids about my career at career day.. it feels so good to help.. ,Positive
9.37E+17,@nikkinana LOVE the ocean view ,Positive
9.37E+17,I got new shoes  with lil pink stars on it  I LOV'EM!!!!!,Positive
9.37E+17,@gutzywoman you are welcome my friend.  have a wonderful weekend. and thank you too for the FF,Positive
9.37E+17,feels a little bit like Goldie Locks. This weather is not too hot and not too cold. It's juuuuuust right.  ,Positive
9.37E+17,@overhope sooo. ranzel and you are talking. ,Positive
9.37E+17,@SpiritLibrary  Welcome - and thank you for the #followfriday! ,Positive
9.37E+17,@bobbyllew hello rob's daughter. ,Positive
9.37E+17,"gud am, painting and music on the agenda.... i feel inspired....... wish i get the call back for the audition today ",Positive
9.37E+17,"@MalaysianLife Hey, thanks for including me in 'Malaysians to follow this #followfriday' ",Positive
9.37E+17,@OhioHogFarmers as long as I can run the numbers with a computer instead of a slide rule. ,Positive
9.37E+17,@tooshort55 LoL....Im beyond excited....cant wait for the day to end ,Positive
9.37E+17,"@buckhollywood Grease 2 is better than most people say, Pfeiffer did a good Cool Rider. ",Positive
9.37E+17,@AmandaON1063 LOL i like the title. its funny!  should have called it the morning dork. but i guess jay took that one already.,Positive
9.37E+17,@CloverCakesCxC good morning loverface  tgif,Positive
9.37E+17,"@BernardHarris Excellent message! I would have loved to see a real astronaut when I was a kid! Fantastic what you are doing, love it!!! ",Positive
9.37E+17,@courtkell glad to see you have joined the twitter cult! ,Positive
9.37E+17,"@ShizumaTaka My dad says I'm nearly a full grown hermit.  It's fun, you should try it.",Positive
9.37E+17,Is on the beach in GA. MJ ,Positive
9.37E+17,@AbbieRoad yay! can't wait to meet you  make sure you stop by and say hi!,Positive
9.37E+17,@ANGELJACKIE44 You are so welcome! So great to meet you ,Positive
9.37E+17,Thanks to @a4aspie and @AutismInsights for the #followfriday! ,Positive
9.37E+17,@shobankr i'll just make a note that the person doesn't like information overload... ,Positive
9.37E+17,@funnyhills nice! Enjoy and have a great weekend eh ,Positive
9.37E+17,@SEOcopy Wait...YOU called me a dork? Did you know &quot;Dork&quot; in Greek means &quot;Great and powerful. Ripe lover of radio who fosters kindness.&quot; ,Positive
9.37E+17,i feel a new blog coming on ,Positive
9.37E+17,"@kMTgraphicdsgn I would love to be considered for your blog!  I've been Etsy for 2.5 years, 192 sales as of this morning ",Positive
9.37E+17,"@lazyage yeah, well, how does it go again? &quot;variety is the spice of life&quot;?  I didn't mind the battles, just the graphic violence. scorpian",Positive
9.37E+17,@sicklipstick that's...too bad? ,Positive
9.37E+17,@kate_mjm oh what uni you going to again ? ,Positive
9.37E+17,Yay! @nanpalmero did great! He's so cute!  everyone at work liked that he said &quot;bonging a beer&quot; heh!,Positive
9.37E+17,"@sallyinnorfolk Congrats on the new bookings, looks like your Ad went over well. I hope this brings many new clients your way ",Positive
9.37E+17,@whosthanny que dvd? ,Positive
9.37E+17,@MomaMiaCL Coming through loud and clear. ,Positive
9.37E+17,Done with briefing too. Looking forward to a fruitful learning journey with LTC ,Positive
9.37E+17,"@kmbrune oh thanks!  that's my neice!  she just celebrated her 1st bday - such a cutie, that one! ",Positive
9.37E+17,A bunch of errands before the rehersal dinner tonight! Yay willow and scott ,Positive
9.37E+17,just sitting here relaxing..enjoying the silence while the boys r napping! ,Positive
9.37E+17,people needs to make a website for @itschristablack too! ,Positive
9.37E+17,@lisetteprice me either! Go us ,Positive
9.37E+17,@ashsilva add me as friend on facebook Yvette Murray ,Positive
9.37E+17,Had Japanese food with Dad at Origami ,Positive
9.37E+17,@voipusers that's what the podcast is for ,Positive
9.37E+17,@LocalJoost Try having a conversation in Javascript... Klingon is easier ,Positive
9.37E+17,@Sunny630 Thanks for the shout out...even though u called us broads!!!...lol.....shame! ,Positive
9.37E+17,@Daves_Cornbread thanks   I'm so excited!! DMB tonight!!!,Positive
9.37E+17,@VirginIncVuture That looks amazing. I can't wait for it to come out! ,Positive
9.37E+17,@patriciaco When's the checking of sections? ,Positive
9.37E+17,"Okay off for some drinks with the boys. Good night, Twitterverse ",Positive
9.37E+17,"Finished for the day, now beach in the sunshine ",Positive
9.37E+17,"@jrr1234 Deep breathing exercises are good for a lot of things. Killing 2 birds with one stone, I guess! ",Positive
9.37E+17,@Applecored I Didn't =( It Just Broke!! Within The 28 Days So Getting A New One ,Positive
9.37E+17,sunny... according to ipod its 24 degrees ,Positive
9.37E+17,Hmmm...this weekend? Trouble...possibly ,Positive
9.37E+17,Interviewing for a part-time call center position w/ the BSO today!  ,Positive
9.37E+17,that was for dragonguy83 ,Positive
9.37E+17,: I going off in 10 mins ,Positive
9.37E+17,Obama will host the next G-20 summit in our little burgh... September should be interesting...  http://bit.ly/tvv0Q,Positive
9.37E+17,@mohd_athar hahahha just kidding Athar.. Thanks ya  I believe you're sincere kok hehe.,Positive
9.37E+17,"@Nemi72 haha, Im still working on that skill ",Positive
9.37E+17,"In the land of #makerfaire where Makers of all kinds roam, all the misfit toys in the toybox get shiny new purposes &amp; R made whole ",Positive
9.37E+17,Enjoyed playing bohnanza with @thelonelygnome @inkflamingo et al. I'm going to suggest an entire day of playing this game. ,Positive
9.37E+17,@indieicing happy anni  we made 5yrs this year too!,Positive
9.37E+17,"@GangBadoy Yeah, Gang! Give them the HARD TALK, a la Tim Sebastian of the BBC years back. ",Positive
9.37E+17,@HollaAtK can't wait to see it omg ,Positive
9.37E+17,@TiaColleen OOOH I will get the recipe at lunch and give it to ya later ,Positive
9.37E+17,@3rdbrain Karachi se hee  we are called &quot;Kutchi Memons&quot; where are you?,Positive
9.37E+17,@Mia322 youre welcome! have a great #followfriday ,Positive
9.37E+17,Extremally happy ,Positive
9.37E+17,Buenos dias! Yay is friday! Woke up feeling like yeeeeeeeeee! Ha! Much luv to all u twitterlovers! ,Positive
9.37E+17,Analog Heart on continuous play while driving to the doctor. I love having Fridays off! Not to brag... ,Positive
9.37E+17,Thinks today witt be pretty dandy. ,Positive
9.37E+17,I checked my usage online &amp; I have sent/received 831 texts this month thank goodness its unlimited!! ,Positive
9.37E+17,@rohansingh -- Happy Birthday!  Come on down to Shultzy's and I'll buy you your birthday beer.  ,Positive
9.37E+17,@kathy_moore I got to taste @thefoodgeek's pies last weekend  Highly recommended.,Positive
9.37E+17,a recordar os Belle Chase Hotel ,Positive
9.37E+17,@melodyromancito aaahhhh now i understand!  makes sense! ,Positive
9.37E+17,@paulg23 we're in the punter pub on Cheltenham lane - come and join us here at the wedding reception. ,Positive
9.37E+17,@Austinp3 YAY DC! what exactly do you wanna do? site see...museums...nitelife...eat?? ,Positive
9.37E+17,back out to the sun ,Positive
9.37E+17,For very inspiring tweets #followfriday @SusanCosmos ~~~~ ,Positive
9.37E+17, Just havent got arnd 2 it yet...,Positive
9.37E+17,Going to Niagara Falls today! ,Positive
9.37E+17,#followfriday @1sweetwhirl an #awesome mom and a great friend  (via @ruhanirabin) &lt;&lt;-much love 4 u sweetheart! *hugs* xo,Positive
9.37E+17,@jonasobsessedx oh i love spain  i`m from romania and how old are you?,Positive
9.37E+17,"NO, &amp;&amp; I'M MISSING MY HAT, SO I LOOK NORMAIL ",Positive
9.37E+17,@raconteur2010 Why are you up already talking politics? ,Positive
9.37E+17,@shnjhnsn You are technically old enough to be eaten up. You can't hide behind that apron string anymore. ,Positive
9.37E+17,Going to my management again to go on tape for 2 films shooting in LA next month.... I think the universe wants me back to LA  ,Positive
9.37E+17,And a buttom fell off my jacket. What is it with buttons? They don't like to stay on. Guess @_twt will have to help me sew it on. ,Positive
9.37E+17,@fixedentropy OK then - Ill watch the Bob Dylan one insteda ,Positive
9.37E+17,Trojanantics was fun and pretty amazing...one down one to go! (Note to self wear hair UP.) ,Positive
9.37E+17,@Asfaq Can't see you brother. Let's catch up post the concert. ,Positive
9.37E+17,"@JonLeTocq no problem Jon, you &amp; I have similar training values &amp; fat loss isn't one of them  Just keep going (apart from db mishaps!) ",Positive
9.37E+17,"I don't know, I graduated a &quot;few&quot; years back.  why are you asking me?",Positive
9.37E+17,@nbc12 yea! ,Positive
9.37E+17,will be getting a flu shot soon  lol,Positive
9.37E+17,@DsBabyGirl good morning. getting excited 7 days until i'm 25!!!!! and 8 days until @NKOTB concert!!!!! ,Positive
9.37E+17,@Gspartridge76 Thanks for the FF ,Positive
9.37E+17,@mfhorne Thanks for asking the audio question - Someone suggested software that is PERFECT for my needs ,Positive
9.37E+17,@Chaveeo  hey mama,Positive
9.37E+17,@esanchez01 all you need is an ipod.  still jamming to kinito!,Positive
9.37E+17,@oooh_LALA thanks ,Positive
9.37E+17,@buskoven Takin' it up the nice  Ha en fin en sjl!,Positive
9.37E+17,"Hey buddy, wats happening...what r u planning on doing tonite, of all the options i have given you  which one you will take up man..",Positive
9.37E+17,"@jconley21 Near MI, you're now smelling a good smell. I can understand why you thought it was bad since you're so used to the OH stench. ",Positive
9.37E+17,@Not_A_Kid She gave it to him i think. And he read it. And so have dougie and tom's mums. ,Positive
9.37E+17,"@greggarbo One of my favorite songs.  australia,games,hollywood and inseparable.",Positive
9.37E+17,@Pam97 Hi Pam!  I'm writing too!  HAPPY FRIDAY!! ,Positive
9.37E+17,Good start to the morning so far. A little more work to do then a blood test and a trip to the yarn store to make up for the blood test ,Positive
9.37E+17,@ladygaga Next Wednesday Night..12.05pm i think..Channel 4. PAPARAZZI!!!..I don't watch the videos that have been leaked ,Positive
9.37E+17,(@xxTaSh) that Im excited for his album and stuff so just shut up and and kiss my ass ,Positive
9.37E+17,@rmccue NAD's. You got me there ,Positive
9.37E+17,@jellybeanhorror if this is love! amazing ,Positive
9.37E+17,"@mohd_athar thanks Athar  You too, have a good one!!",Positive
9.37E+17,"@CherylHarrison If @tokenliberal is wearing a Burger King crown on his profile, I like him already.  ",Positive
9.37E+17,"@shakeappeal Ha! No, not your Mom, my girlfriend's mom!! ",Positive
9.37E+17,"when you get home today, but that's just a side effect for a greater good ",Positive
9.37E+17,"@raginaphalange Anyway the song keeps on playing in my head, in case you was wondering! ",Positive
9.37E+17,@elavoca you're probably right  You know what I mean... like with the seagulls. The thing is: to remember there's no reason things change,Positive
9.37E+17,"Were having an ice cream party today  catered by cold stoneee! Best thing about private school, we get the best shit.",Positive
9.37E+17,"#followfriday @chovaleoni she's hilarious, witty &amp; wonderful ",Positive
9.37E+17,@littlemissmessy Sounds like a good weekend to me ,Positive
9.37E+17,"@pollyalida lots of cheap golf shirts, too.  Including a fave my friend Lizanne gave me in Sydney",Positive
9.37E+17,For my friends who may not know... #FF means follow friday  (recommendations for people you think others should follow),Positive
9.37E+17,"home from the beach, and oh so tan ",Positive
9.37E+17,Happy Friday everyone! It's going to be a fantastic weekend in Atlanta!!! Looking forward to hanging out poolside ,Positive
9.37E+17,@jenciTN Why hello my dear! Are you melting things up as usual? ,Positive
9.37E+17,going to the citiy  oh god im such a shopaholic :S,Positive
9.37E+17,just in from bein at my grannys. Got another discintion (can't spell it) today in college ,Positive
9.37E+17,@efink my gegegeneration! ,Positive
9.37E+17,is about to go out in the lovely sunshine ,Positive
9.37E+17,babysitting   It's fun because i get to watch spongebob,Positive
9.37E+17,"@CharlesGary I think so too, hopefully we have an expert in the group on the topic (oh wait, we do, YOU!) ",Positive
9.37E+17,Starter som konsulent hos Atea 1. september ,Positive
9.37E+17,Good morning!!!!!  It's Friday!!  ,Positive
9.37E+17,@knicha  morning!,Positive
9.37E+17,@omgrrr Thank you  So you dont think its too over the top for going out with my friends?,Positive
9.37E+17,"Shojo Beat's -Rasetsu, Vol. 1- out in just a matter of days! ",Positive
9.37E+17,GOOD MORNING!!!  . There are no shortcuts to any place worth going.,Positive
9.37E+17,@bendemora he was  I was addicted to that programme (when my mum &amp; dad didn't realise I was watching it),Positive
9.37E+17,@jordanknight where are u today? I hope u had a safe flight! Miss u ,Positive
9.37E+17,Grad rehersal! Woohoo!! Pretty stoked for the real thing ,Positive
9.37E+17,"@duquesneparis bookmarking, thanks, will consider it if our trip happens ",Positive
9.37E+17,"#followfriday How about some love for the competition?  My web counterpoint at our sister school, ACU, @scottkilmer.",Positive
9.37E+17,I had a dream that I busted you dead in your mouth...and woke up smiling. Today's gonna be a good day. ,Positive
9.37E+17,"@amiestuart Hmm, some leather but not much, less blood too, but I'd say the ending has a fair amount of mayhem ",Positive
9.37E+17,@pamsuch It's chocolate with chocolate icing and peanut butter chips! Pic on the blog ,Positive
9.37E+17,Almost done with my Miley Cyrus video. ,Positive
9.37E+17,Lying in the sun!  Back from schoool ^^,Positive
9.37E+17,@k_co Welcome back ,Positive
9.37E+17,The new Chandler (Matt &amp; Lauren) child is about to be born. Praying for the fam &amp; their new blessed gift! ,Positive
9.37E+17,Panera and then garage sailing with Mamma Joules  http://yfrog.com/0u7pij,Positive
9.37E+17,Trying out thesixtyone.com -- a new spin on unsigned music discovery. http://is.gd/J5iU Spare a heart? ,Positive
9.37E+17,@PITCHERPARK Thank you so much! We appreciate the mention! ,Positive
9.37E+17,"I really like the new Surfstation - http://surfstation.com/ (and for some strange reason, i miss the .lu suffix ...  )",Positive
9.37E+17,"@KatieMaesMama if you cannot cook, head over to the Army/Navy surplus store and pick up some MRE's.  ",Positive
9.37E+17,@Mamy_B ebay ,Positive
9.37E+17,"another day, another pound gone. suhweet early morning workouts are fun  get swole nigga!",Positive
9.37E+17,LET ME OUT!  LET ME OUT! ,Positive
9.37E+17,http://twitpic.com/66lrp - Afternoon cream tea. It's just like being in the office ,Positive
9.37E+17,@magnusholmgren uh oh!!!  looks like you've mad a name for yourself! romantic and sweedish ;))),Positive
9.37E+17,@lordmuttley  what you up to tonight? x,Positive
9.37E+17,@afox98 Thank you for endless. Have Sarto Comedy and Lauren Cecilia (both on my shortlist) in size &amp; color I need! And $.05 under my max. ,Positive
9.37E+17,"That was the last group I could think of, plus I don't want to flood ppls lists with #followfriday ish. Have a wonderful day! Xoxo. ",Positive
9.37E+17,i love you backtrack ,Positive
9.37E+17,is looking forward to BW3s tonight with my honey ,Positive
9.37E+17,@cyberbonn Thanks for the cite ,Positive
9.37E+17,"Phew! One task down, and it's not even 8 a.m.! Maybe I can get ahead on some other tasks..  ",Positive
9.37E+17,@mzmartipants It was a followup about Janet Napolitano  Doesn't make as much sense without it,Positive
9.37E+17,Off to browse for furniture (for the L.O.)... Ttyl tweeps ,Positive
9.37E+17,"@FriendlyMB I may vent at you later, it's nothing too catastrophic ",Positive
9.37E+17,@jonasbrothers http://twitpic.com/624qo - Happy birthday!! ,Positive
9.37E+17,@JesusTalk  hhaha i hear yah !! i'd like a buttery nipple myself  lol,Positive
9.37E+17,@ruskin147 get a proper laptop on it and use Linux? ,Positive
9.37E+17,@her_boyscout Very cool! Good luck!  ,Positive
9.37E+17,@kaiLoDelf can i come? ,Positive
9.37E+17,Downloading Music ,Positive
9.37E+17,@veepveep Who knew? ,Positive
9.37E+17,@Knolli &amp; @xon1c: hope you're doing well in such a weather! ,Positive
9.37E+17,back form seeing jonas brother in 3d .. it was fab. lased some JB songs on the drive home ... good times ,Positive
9.37E+17,@keitaeden I luv them too haha and u babes U showed me madddd luv! Or soon anyway shhh !!  lmao ka Boom POW I'm done!,Positive
9.37E+17,@EllaPaigeBabe im from denmark  hbuu sweetiee? xox &lt;33,Positive
9.37E+17,@sadcox at least I'm not a chicken! ,Positive
9.37E+17,@Naomi_23  i don't go out on cloudy days! sorted! everyone would be all relaxed!,Positive
9.37E+17,@JonathanRKnight Your sassy! I LOVE you!! Lol ,Positive
9.37E+17,"@jessbooka I think computers and the Internet are a passing fad anyways, like 8-track and Disco. ",Positive
9.37E+17,leave is the bestest ,Positive
9.37E+17,"@tedchoward FUN! I want to bring my dog to work. Wait, I don't know how well that would go. Let me know! ",Positive
9.37E+17,@DestinyHope92 im from spaiin  wbuu?,Positive
9.37E+17,"beautiful day, i think i'll stay in and watch movies all day ",Positive
9.37E+17,"@SweetTweetCLT Damn right! Like I said, CLASSIC! Thanks for listening  ",Positive
9.37E+17,@wind_slash H?a tng cho nhanh ,Positive
9.37E+17,cherishing the silence of two toddlers napping ,Positive
9.37E+17,Good morning twitter fam! Just took my little nephew jr to school ,Positive
9.37E+17,#followfriday People I actually know &amp; talk to off Twitter @timshady @monkeyonthelam @galliguez @referralweb (reply back if i missed u!) ,Positive
9.37E+17,@jhawkguy that's what I was thinkin!   Will keep them eyes open.   or not!,Positive
9.37E+17,is a bad bad person ,Positive
9.37E+17,@mommas_crew BTW=by the way ,Positive
9.37E+17,"@aflusche lol.  you said, &quot;It's on now!!&quot; and your big plan was to call back?  I was expecting something much harsher. ",Positive
9.37E+17,I hope diversity wins in BGT! ,Positive
9.37E+17,forgot my directions to work. And still made it in record time. Go me ,Positive
9.37E+17,@rebornbabydolls Enjoyed your website! @LittleGigiGirl mentioned you to us on this fine rainy #followfriday   ,Positive
9.37E+17,@memelaroo Happy Friday! Happy pay day for me too  Always a good time!,Positive
9.37E+17,Who's my 140th follower? ,Positive
9.37E+17,#followfriday @missbeckala @adamandeve @140lovebird @bikini_beat Some of my favs!!! ,Positive
9.37E+17,@WhatEscoHas2Say Cause I liked that name...I was thinkin' of what 2 change it 2 4 a while...I'm a SASSY Chick! ,Positive
9.37E+17,"aww, I love the dutch.  i'm probably going today to protest Mcdonalds or KFC for @peta2 ",Positive
9.37E+17,sounds like a lil chant :3 pie pie is good for our ...eyes? o_O caek caek its a gosh darn LIE! ,Positive
9.37E+17,@crazyBobcat Very worth a try. I plan to be napping shortly.  ,Positive
9.37E+17,yoga was incredible at houstons own jenny yoga on westheimer... ahhhh  off to DALLAS for show #2 ,Positive
9.37E+17,@wksmith72 LOl I do admit I say that ,Positive
9.37E+17,@Nukapai Welcome I'm sure  #followfriday,Positive
9.37E+17,http://twitpic.com/66lwd - Look at the day!!! Ahhh can't wait to get out of work and into the sun ,Positive
9.37E+17,This is turning out to be a looonnngg ad break..... Haha leafbusters! Haha  oh it came on.... Tom Hanks,Positive
9.37E+17,"@rmolden no born and rasied in the usa... Name is Angela France , born n raised Usa ",Positive
9.37E+17,"in art doing nothing! this class is like an extra studyhalll, love it! hopefully TMS afterschool, and zoo tomorrow ",Positive
9.37E+17,mmmmm... great dreams. ,Positive
9.37E+17,@redcourt I go to bed and miss Maggie's hands in another #cookie jar!  ,Positive
9.37E+17,@louieevol yea def.  thats whats up.. im havin another one this wed. so ima promote it,Positive
9.37E+17,About to board my flight to kona! ,Positive
9.37E+17,@phoboy86 I am surprised you even rmbred that?! LOL you were goooonnneeee!!! You truly had a FUN night!! ,Positive
9.37E+17,"is cleaning house today (and my wonderful husband is helping, as usual).  ",Positive
9.37E+17,"@hadasity oops i'll still be in UK..going home to msia only around sept/oct time.anyway let me know, hopefully i can go check them out ",Positive
9.37E+17,@TwitBotNews bots like me... they... really like me!   #BotterTwit #followfriday #caca,Positive
9.37E+17,"@tommytrc Hmmm...  What is there to know...  I have a wonderful hubby, a great family &amp; I work wayyyy too much   I wear a size 6 shoe.",Positive
9.37E+17,Gotta good friend in @GraceON...coming w| me to the hair salon &amp;&amp; ish. Lol ,Positive
9.37E+17,Amazing how a soup that smells of vomit can taste so good! ,Positive
9.37E+17,@Adam_Wagner i think you should give me some for &quot;testing&quot; purposes Mr Wagner  you know its right,Positive
9.37E+17,Text meee 2533535263 ,Positive
9.37E+17,has just ordered loads of make up online! yesssss ,Positive
9.37E+17,Jammin wiv my neice and her mum and dad! ,Positive
9.37E+17,#must_follow @LaughterAndJoy because she knows how to raise your spirits ,Positive
9.37E+17,"@Dante999 Ugh, it's cool, I'm in such a good mood that even that momentary frustration has evaporated. ",Positive
9.37E+17,"@modbird Ooh, thanks! ",Positive
